url_name,zh_name,platinum,platinum,platinum
volatile_parasite,暴怒寄生,,,
adlet_core_blueprint,艾莱核心 蓝图,,,
arcane_reaper,赋能·收割,,,
arcane_velocity,赋能·迅速,,,
divine_retribution,圣枪惩戒,,,
endless_lullaby,无尽催眠曲,,,
energy_transfer,能量转移,,,
garuda_prime_neuroptics_blueprint,Garuda Prime 头部神经光元 蓝图,,,
gladiator_might,角斗士 威猛,,,
insatiable,不竭贪婪,,,
irradiating_disarm,辐射缴械,,,
karyst_prime_blade,凯洛斯特 Prime 刀刃,,,
larkspur_prime_barrel,翠雀 Prime 枪管,,,
lasting_covenant,持久圣约,,,
lohk,Lohk,,,
necramech_continuity,殁世机甲 持久力,,,
necramech_steel_fiber,殁世机甲 钢铁纤维,,,
necramech_vitality,殁世机甲 生命力,,,
power_donation,献出力量,,,
primal_rage,原始暴怒,,,
ris,Ris,,,
safeguard_switch,护卫传送,,,
scindo_prime_blade,分裂斩斧 Prime 刀刃,,,
spellbound_harvest,迷尘丰益,,,
swift_bite,迅猛之咬,,,
warding_thurible,庇护焚炉,,,
akstiletto_prime_blueprint,史提托双枪 Prime 蓝图,,,
augur_reach,预言 通灵,,,
blazing_pillage,炽燃劫掠,,,
creeping_terrify,缓动惊骇,,,
cyngas_stock,合成燃气炮 枪托,,,
frost_prime_systems_blueprint,Frost Prime 系统 蓝图,,,
hildryn_prime_blueprint,Hildryn Prime 蓝图,,,
intrepid_stand,无畏之战,,,
jahu,Jahu,,,
jet_stream,急流,,,
karak_wraith_receiver,卡拉克·亡魂 枪机,,,
necramech_flow,殁世机甲 川流不息,,,
octavia_prime_chassis_blueprint,Octavia Prime 机体 蓝图,,,
onorix_blade,奥努里克斯 刀刃,,,
reaping_chakram,割魂火圈,,,
resonance,残响共鸣,,,
rolling_guard,翻滚防护,,,
shattered_storm,琉璃风暴,,,
singularity,奇异点,,,
trinity_prime_blueprint,Trinity Prime 蓝图,,,
wrecking_wall,粉碎壁垒,,,
wukong_prime_systems_blueprint,Wukong Prime 系统 蓝图,,,
wyrm_prime_blueprint,蛟龙 Prime 蓝图,,,
arcane_aegis,赋能·神盾,,,
artillery_cheap_shot,高效光能炮,,,
assimilate,同化,,,
blinding_reave,致盲掠夺,,,
calm_and_frenzy,冷静与疯狂,,,
cathode_current,阴极电流,,,
cephalon_suda_augment_mod,中枢苏达强化Mod,,,
conductor,指挥家,,,
controlled_slide,平稳滑步,,,
critical_mutation,关键突变,,,
dead_eye,死亡之眼,,,
defensive_fire,防御火力,,,
duality,二元性状,,,
energy_amplifier,能量扩散,,,
exodia_triumph,神威·凯旋,,,
flame_gland,火焰腺体,,,
fracturing_crush,高压粉碎,,,
fragor_prime_blueprint,重击巨锤 Prime 蓝图,,,
furax_wraith_set,弗拉克斯·亡魂 一套,,,
latron_wraith_blueprint,拉特昂·亡魂 蓝图,,,
magus_overload,魔导·超载,,,
magus_revert,魔导·复位,,,
mantis_set,Mantis 一套,,,
mirage_prime_systems_blueprint,Mirage Prime 系统 蓝图,,,
nautilus_systems,鹦鹉螺 系统,,,
pyroclastic_flow,火成碎流,,,
rifle_riven_mod_(veiled),步枪裂罅 Mod （尚未揭开）,,,
savior_decoy,救星诱饵,,,
shade_prime_set,阴影 Prime 一套,,,
soul_survivor,幸存生灵,,,
spring_loaded_blade,簧压刀刃,,,
tatsu_prime_set,龙辰 Prime 一套,,,
thermal_transfer,热能传递,,,
tipedo_prime_ornament,提佩多 Prime 饰物,,,
triple_tap,三重连击,,,
twin_vipers_wraith_barrels,双子蝰蛇·亡魂 枪管,,,
valence_formation,效价炼成,,,
virtuos_forge,正直·熔炉,,,
arcane_avenger,赋能·复仇者,,,
archgun_ace,曲翼枪械行家,,,
bo_prime_handle,玻之武杖 Prime 握柄,,,
centaur_handle,半人马 握柄,,,
ceti_lacera_blueprint,天仓·悲痛之刃 蓝图,,,
chroma_prime_systems_blueprint,Chroma Prime 系统 蓝图,,,
death_blossom,死亡绽放,,,
escape_velocity,脱离速度,,,
magus_accelerant,魔导·触媒,,,
melee_riven_mod_(veiled),近战裂罅 Mod （尚未揭开）,,,
naramon_transmute_core,Naramon 转换核心,,,
poppin_vert,纵腾天际,,,
rhino_prime_blueprint,Rhino Prime 蓝图,,,
safeguard,火绫守护,,,
target_fixation,目标入定,,,
the_perrin_sequence_augment_mod,佩兰数列强化Mod,,,
toxic_sequence,毒素数列,,,
vome,Vome,,,
afuris_prime_receiver,盗贼双枪 Prime 枪机,,,
agkuza_blade,驯象钩刃 刀刃,,,
arcane_fury,赋能·狂怒,,,
arcane_grace,赋能·优雅,,,
baza_prime_blueprint,苍鹰 Prime 蓝图,,,
blade_of_truth,真相之刃,,,
chesa_kubrow_imprint,寻猎型库狛 基因印记,,,
cryo_coating,冷冻包覆,,,
dual_keres_prime_blueprint,凯瑞斯双刀 Prime 蓝图,,,
imperator_vandal_receiver,凯旋将军·破坏者 枪机,,,
molecular_fission,分子裂变,,,
nautilus_carapace,鹦鹉螺 外壳,,,
nautilus_cerebrum,鹦鹉螺 头部,,,
negation_swarm,不绝护甲,,,
netra,Netra,,,
phoenix_renewal,凤凰新生,,,
rathbone_head,拉斯波恩 锤头,,,
sharpshooter,神射手,,,
temporal_artillery,时协炮击,,,
temporal_erosion,时空侵蚀,,,
vampiric_grasp,血吸之握,,,
vasca_kavat_imprint,噬血型库娃 基因印记,,,
warriors_rest,战士休憩,,,
wise_razor,慧黠斩剃,,,
airburst_rounds,空爆弹,,,
augur_seeker,预言 探求,,,
bhaira_hound_blueprint,拜拉猎犬 蓝图,,,
desiccations_curse,枯竭诅咒,,,
empowered_quiver,强化箭袋,,,
funnel_clouds,漏斗状云,,,
furious_javelin,狂怒标枪,,,
huras_kubrow_imprint,匿踪型库狛 基因印记,,,
larva_burst,幼体爆发,,,
lasting_purity,永恒纯净,,,
mag_prime_chassis_blueprint,Mag Prime 机体 蓝图,,,
magus_destruct,魔导·穿破,,,
masseter_prime_set,咀嚼金棒 Prime 一套,,,
mutalist_alad_v_assassinate_key,异融 Alad V 刺杀 （钥匙）,,,
rifle_scavenger,步枪弹药搜集者,,,
rift_torrent,裂隙洪流,,,
rumbled,轰隆石者,,,
saxum_carapace,重岩者 壳甲,,,
seismic_wave,震波,,,
teeming_virulence,猛爆致病,,,
beguiling_lantern,欺幻魔灯,,,
blind_rage,盲怒,,,
butchers_revelry,屠戮盛宴,,,
damage_decoy,易伤诱饵,,,
double_tap,双重连击,,,
fass,Fass,,,
ion_infusion,离子注入,,,
martyr_symbiosis,忠勇共生,,,
ordnance_cheap_shot,高效火炮,,,
spectrosiphon,光谱虹吸,,,
the_relentless_lost,无情失落,,,
transient_fortitude,瞬时坚毅,,,
tribunal,责难裁决,,,
valkyr_prime_systems_blueprint,Valkyr Prime 系统 蓝图,,,
afterburn,续燃,,,
blood_for_energy,血易能量,,,
brain_storm,头脑风暴,,,
carmine_penta_barrel,嫣红·潘塔 枪管,,,
cedo_stock,塞多 枪托,,,
corinth_prime_stock,科林斯 Prime 枪托,,,
eternal_war,永恒战意,,,
four_riders,天启异象,,,
freeze_force,寒冰之力,,,
galvanized_savvy,镀层 通晓霰弹枪,,,
galvanized_scope,镀层 氩晶瞄具,,,
gladiator_vice,角斗士 钳制,,,
ice_wave_impedance,滞痕冰浪,,,
muzzle_flash,枪口闪焰,,,
napalm_grenades,凝固汽油榴弹,,,
pangolin_prime_blueprint,鲮鲤剑 Prime 蓝图,,,
partitioned_mallet,分裂槌音,,,
protea_prime_systems_blueprint,Protea Prime 系统 蓝图,,,
quickening,加速,,,
reaper_prime_handle,收割者 Prime 握柄,,,
rising_storm,风起云涌,,,
smoke_shadow,庇护烟幕,,,
staggering_shield,失衡护盾,,,
stinging_truth,过激真相,,,
urga_bracket_blueprint,厄加脚架 蓝图,,,
venom_teeth,牙齿毒液,,,
wrath_of_ukko,乌戈之怒,,,
zephyr_prime_blueprint,Zephyr Prime 蓝图,,,
anchored_glide,聚精滑翔,,,
ash_prime_chassis_blueprint,Ash Prime 机体 蓝图,,,
avenging_truth,复仇真相,,,
bo_prime_blueprint,玻之武杖 Prime 蓝图,,,
carmine_penta_stock,嫣红·潘塔 枪托,,,
catapult,肉弹发射,,,
chaos_sphere,混乱领域,,,
cobra_and_crane_prime_set,眼镜蛇 & 鹤 Prime 一套,,,
elemental_sandstorm,元素沙暴,,,
