url_name,zh_name,platinum,platinum,platinum
stropha_barrel,诡计之刃 枪管,,,
strun_prime_receiver,斯特朗 Prime 枪机,,,
theorem_demulcent,定理·缓和,,,
tipedo_prime_blueprint,提佩多 Prime 蓝图,,,
tranquil_cleave,秋风落叶,,,
unleashed,释放,,,
virtuos_null,正直·空无,,,
virulent_scourge,剧毒灾害,,,
vital_sense,弱点感应,,,
volnus_prime_head,创伤 Prime 锤头,,,
waveband_disruptor,波段干扰,,,
zephyr_prime_neuroptics_blueprint,Zephyr Prime 头部神经光元 蓝图,,,
arcane_bodyguard,赋能·卫士,,,
arcane_ice_storm,赋能·冰暴,,,
arcane_resistance,赋能·抗毒,,,
astilla_prime_stock,碎裂者 Prime 枪托,,,
atlas_prime_systems_blueprint,Atlas Prime 系统 蓝图,,,
augur_message,预言 启示,,,
augur_pact,预言 契约,,,
bane_of_infested,灭亡 Infested,,,
baza_prime_receiver,苍鹰 Prime 枪机,,,
broken_war_set,破碎的战争之剑 一套,,,
brutal_tide,残暴浪潮,,,
cernos_prime_blueprint,西诺斯 Prime 蓝图,,,
continuity,持久力,,,
corvas_prime_blueprint,黑鸦 Prime 蓝图,,,
crowd_dispersion,人群驱散,,,
defiled_snapdragon,积秽骁龙,,,
disruptor,冲击干扰,,,
enduring_affliction,长时苦难,,,
expel_corpus,驱逐 Corpus,,,
flailing_branch,多流抽击,,,
full_contact,全面接触,,,
gladiator_resolve,角斗士 决心,,,
gorgon_wraith_stock,蛇发女妖·亡魂 枪托,,,
khora_prime_systems_blueprint,Khora Prime 系统 蓝图,,,
knell_prime_receiver,丧钟 Prime 枪机,,,
lingering_torment,恒久折磨,,,
magus_elevate,魔导·振奋,,,
mantis_engines_blueprint,Mantis 引擎 蓝图,,,
modified_munitions,弹药改良,,,
necramech_redirection,殁世机甲 蓄能重划,,,
parry,招架,,,
perpetual_agony,永恒苦痛,,,
polar_magazine,极地弹仓,,,
precision_intensify,集中 聚精会神,,,
protective_shots,防护射击,,,
pummel,强力猛击,,,
quickdraw,持续火力,,,
quicklock,快速锁定,,,
rebound,弹跳,,,
residual_viremia,残差·毒血,,,
revenant_prime_neuroptics_blueprint,Revenant Prime 头部神经光元 蓝图,,,
saxum_thorax,重岩者 胸腔,,,
section_density,截面密度,,,
shotgun_ammo_mutation,霰弹枪弹药转换,,,
soft_hands,精湛快手,,,
sporothrix_blueprint,孢丝感染枪 蓝图,,,
spry_sights,迅敏视觉,,,
stabilizer,稳定,,,
streamlined_form,流线外形,,,
stropha_receiver,诡计之刃 枪机,,,
sure_shot,准确射手,,,
tactical_reload,机动装填,,,
tek_collateral,技法 连带,,,
terminal_velocity,极限速度,,,
thumper,重击者,,,
toxin_resistance,毒素抵抗,,,
trick_mag,戏法增幅,,,
twitch,迅速抽换,,,
valkyr_prime_blueprint,Valkyr Prime 蓝图,,,
velox_prime_receiver,逐电 Prime 枪机,,,
zhuge_prime_blueprint,诸葛连弩 Prime 蓝图,,,
accelerated_isotope,迅发核素,,,
akbolto_prime_link,螺钉双枪 Prime 连接器,,,
arcane_deflection,赋能·偏折,,,
arcane_nullifier,赋能·消磁,,,
arcane_trickery,赋能·诡计,,,
augur_accord,预言 协约,,,
baza_prime_barrel,苍鹰 Prime 枪管,,,
blunderbuss,雷筒,,,
cleanse_the_murmur,净化低语者,,,
conic_nozzle,锥型推进器,,,
continuous_misery,无尽苦难,,,
corvas_prime_stock,黑鸦 Prime 枪托,,,
dig,挖掘,,,
eject_magazine,弹匣置换,,,
embedded_catalyzer,内置触媒,,,
enhanced_durability,耐久强化,,,
fortitude,不屈不挠,,,
ghost,幽灵,,,
handspring,翻筋斗,,,
healing_return,治愈归复,,,
hush,消音器,,,
hystrix_prime_blueprint,豪猪 Prime 蓝图,,,
lock_and_load,填弹上膛,,,
magazine_warp,弹匣增幅,,,
mandonel_blueprint,辐光弩炮 蓝图,,,
master_key,万能钥匙,,,
okina_prime_blade,翁 Prime 刀刃,,,
overview,纵观全局,,,
parallax_scope,视差瞄具,,,
pathocyst_subcortex,病囊飞刃 下皮层,,,
poisonous_sting,剧毒螫刺,,,
pounce,猛扑,,,
pressurized_magazine,增压弹匣,,,
raider_matrix,劫袭矩阵,,,
regen,重生,,,
revenant_prime_chassis_blueprint,Revenant Prime 机体 蓝图,,,
rupture,破裂,,,
sanctuary,守护光罩,,,
sense_danger,危机感知,,,
shell_compression,压缩弹药,,,
strun_prime_barrel,斯特朗 Prime 枪管,,,
theorem_contagion,定理·触染,,,
vaporize,汽化,,,
velox_receiver,逐电 枪机,,,
vigilante_vigor,私法 活力,,,
virtuos_strike,正直·打击,,,
void_cloak,虚空隐匿,,,
volatile_quick_return,易爆速返,,,
whirlwind,旋风,,,
wolf_sledge_handle,恶狼战锤握柄,,,
agile_aim,机动瞄准,,,
arcane_agility,赋能·灵敏,,,
arcane_blessing,赋能·赐福,,,
arcane_rise,赋能·崛起,,,
arcane_victory,赋能·胜利,,,
armored_agility,灵活装甲,,,
bane_of_grineer,灭亡 Grineer,,,
battering_maneuver,机动冲撞,,,
breach_quanta,封隙量子,,,
broad_eye,广域之视,,,
cascadia_empowered,瀑流·强化,,,
cascadia_flare,瀑流·耀炎,,,
cascadia_overcharge,瀑流·溢能,,,
charged_chamber,蓄力装填,,,
charged_shell,充电弹头,,,
cleanse_corpus,净化 Corpus,,,
cleanse_grineer,净化 Grineer,,,
cleaving_whirlwind,弧刃回天,,,
conjunction_voltage,联结·电压,,,
containment_breach,核控突破,,,
corinth_prime_blueprint,科林斯 Prime 蓝图,,,
drifting_contact,漂移接触,,,
endurance_drift,坚忍窜升,,,
energy_field,能量力场,,,
eternal_eradicate,永恒·湮灭,,,
eternal_onslaught,永恒·猛攻,,,
euphona_prime_blueprint,悦音 Prime 蓝图,,,
fast_hands,爆发装填,,,
fetch,取回,,,
flame_repellent,火焰防护,,,
flechette,箭型弹头,,,
focus_radon,聚焦氡气,,,
fury,狂暴,,,
gara_prime_neuroptics_blueprint,Gara Prime 头部神经光元 蓝图,,,
grim_fury,冷面狂怒,,,
gunslinger,神枪手,,,
harrow_prime_blueprint,Harrow Prime 蓝图,,,
hawk_eye,隼目,,,
hollow_point,空尖弹,,,
hyperstrike,超量打击,,,
hystrix_prime_barrel,豪猪 Prime 枪管,,,
incendiary_coat,燃烧外壳,,,
ironclad_matrix,铁甲矩阵,,,
ivara_prime_neuroptics_blueprint,Ivara Prime 头部神经光元 蓝图,,,
jagged_edge,锯刃,,,
karyst_prime_handle,凯洛斯特 Prime 握柄,,,
killing_blow,一击必杀,,,
lasting_sting,未完之刺,,,
lex_prime_receiver,雷克斯 Prime 枪机,,,
lightning_rod,避雷针,,,
melee_prowess,非凡技巧,,,
melee_retaliation,近战·报复,,,
melee_vortex,近战·旋涡,,,
molt_vigor,蜕化·活力,,,
molten_impact,熔岩冲击,,,
munitions_vortex,弹药漩涡,,,
naramon_lens,Naramon 晶体,,,
nidus_prime_systems_blueprint,Nidus Prime 系统 蓝图,,,
onslaught_matrix,强攻矩阵,,,
orvius_blade,灵枢 刀刃,,,
pandero_prime_barrel,手鼓 Prime 枪管,,,
pathocyst_blueprint,病囊飞刃 蓝图,,,
piercing_hit,穿甲伤害,,,
primary_frostbite,主要·霜冻,,,
reflect,反射,,,
reflection,充能反弹,,,
rending_turn,撕裂翻转,,,
retribution,惩戒,,,
revenge,复仇,,,
rifle_aptitude,步枪才能,,,
ripload,撕裂装填,,,
scourging_warheads,苦痛弹头,,,
secondary_fortifier,次要·筑垒,,,
seeker_volley,追踪齐射,,,
sinister_reach,凶恶延伸,,,
smite_corpus,毁灭 Corpus,,,
split_chamber,分裂膛室,,,
